SG List from VA Scan,Team from PRM,RA,Team email,CNA from PRM,CNA Owner,Faulty CRA,Faulty CNA
alertrules-sync-ii-trigger,Thunderbird,Cloud Native,,CNA 403 3115,,,
alertrules-sync-trigger,Thunderbird,Cloud Native,,CNA 403 3115,,,
alertrules-sync-ug-trigger,Thunderbird,Cloud Native,,CNA 403 3115,,,
backup-restore-agent,Vandals,Cloud Native,pdlvandals@pdl.internal.ericsson.com,CNA 403 3411,Osama Khan / Marcio Alves ( Subhash Prabhakar for CXP 903 5369 & 5615),Disaster Recovery Subsystem (CRA 119 2096),Cloud Backup and Restore (CNA 403 3411)
backup-restore-cli,Vandals,Cloud Native,pdlvandals@pdl.internal.ericsson.com,CNA 403 3411,Osama Khan / Marcio Alves ( Subhash Prabhakar for CXP 903 5369 & 5615),Disaster Recovery Subsystem (CRA 119 2096),Cloud Backup and Restore (CNA 403 3411)
elasticsearch-admin,Enigma,Cloud Native,,CNA 403 3796,Phaninder Reddy Koyya,Database Subsystem (CRA 119 2332),Elasticsearch/ SearchEngine (CNA 403 3796)
enm-certrequestjob-container,District 11,D&S,pdldistric@pdl.internal.ericsson.com,,#N/A,#N/A,#N/A
enm-wait-for-certificates-container,District 11,D&S,pdldistric@pdl.internal.ericsson.com,,#N/A,#N/A,#N/A
eric-cnom-document-database-mg,Enigma,Cloud Native,,CNA 403 3795,,,
eric-cnom-server,Thunderbird,Cloud Native,,CNA 403 2648,,,
eric-ctrl-bro,Vandals,Cloud Native,,CNA 403 3411,,,
eric-data-document-database-bra,Enigma,Cloud Native,,CNA 403 3795,,,
eric-data-document-database-brm13,Enigma,Cloud Native,,CNA 403 3795,,,
eric-data-document-database-kube-client,Enigma,Cloud Native,,CNA 403 3795,,,
eric-data-document-database-metrics,Enigma,Cloud Native,,CNA 403 3795,,,
eric-data-document-database-pg13,Enigma,Cloud Native,,CNA 403 3795,,,
eric-data-document-database-smart-helm-hook,Enigma,Cloud Native,,,,,
eric-data-key-value-database-rd-operand,Game of Rules,Assurance & Optimisation,teamgor@tcscomprod.onmicrosoft.com,CNA 403 3122,,,
eric-data-key-value-database-rd-operand-metrics-exporter,Game of Rules,Assurance & Optimisation,teamgor@tcscomprod.onmicrosoft.com,CNA 403 3122,,,
eric-data-key-value-database-rd-operator,Game of Rules,Assurance & Optimisation,teamgor@tcscomprod.onmicrosoft.com,CNA 403 3122,,,
eric-data-search-engine,Enigma,Cloud Native,,CNA 403 3796,,,
eric-data-search-engine-br-agent,Enigma,Cloud Native,,CNA 403 3796,,,
eric-data-search-engine-curator,Enigma,Cloud Native,,CNA 403 3796,,,
eric-data-search-engine-helmtest,Enigma,Cloud Native,,CNA 403 3796,,,
eric-data-search-engine-hooklauncher,Enigma,Cloud Native,,CNA 403 3796,,,
eric-data-search-engine-pm-metrics,Enigma,Cloud Native,,CNA 403 3796,,,
eric-enm-amos-cronjobs,Vasista,Assurance & Optimisation,ericssonhyd.enmvasista@tcs.com,CNA 403 3129,Sailatha Chittaluri <sailatha.chittaluri@tcs.com>,Network Element Management Tools (CRA 119 2260),Advanced MO Shell (CNA 403 3129)
eric-enm-chart-hooks,Artificers,D&S,"team artificers bur <teamartificersbur@tcscomprod.onmicrosoft.com>, team artificers haproxy <teamartificershaproxy@tcscomprod.onmicrosoft.com>",CNA 403 3411,Mihaiela Vancsa,Cloud Backup and Restore,
eric-enm-credm-controller,District 11,D&S,pdldistric@pdl.internal.ericsson.com,CNA 403 3054,"Giampiero Torrielli, Marco Cappelli, CXP9034113 wrongly placed in this CNA (should be a new CNA in Deployment Support CRA 119 2165)",PKI Subsystem (CRA 119 2166),Credential Manager (CNA 403 3054)
eric-enm-credm-controller-cron-job,District 11,D&S,pdldistric@pdl.internal.ericsson.com,CNA 403 3054,"Giampiero Torrielli, Marco Cappelli, CXP9034113 wrongly placed in this CNA (should be a new CNA in Deployment Support CRA 119 2165)",PKI Subsystem (CRA 119 2166),Credential Manager (CNA 403 3054)
eric-enm-credm-controller-init,District 11,D&S,pdldistric@pdl.internal.ericsson.com,CNA 403 3054,"Giampiero Torrielli, Marco Cappelli, CXP9034113 wrongly placed in this CNA (should be a new CNA in Deployment Support CRA 119 2165)",PKI Subsystem (CRA 119 2166),Credential Manager (CNA 403 3054)
eric-enm-credm-controller-job,District 11,D&S,pdldistric@pdl.internal.ericsson.com,CNA 403 3054,"Giampiero Torrielli, Marco Cappelli, CXP9034113 wrongly placed in this CNA (should be a new CNA in Deployment Support CRA 119 2165)",PKI Subsystem (CRA 119 2166),Credential Manager (CNA 403 3054)
eric-enm-data-migration,Chargers,Security,pdlapollo1@pdl.internal.ericsson.com,CNA 403 3270,"Satish Chakka (ZCHASAT), Bulu Guchait (XBULGUC)",Cross Domain Provisioning Subsystem (CRA 119 2183),Data Migration (CNA 403 3270)
eric-enm-dps-schemamgt,D3,Cloud Native,pdltordata@pdl.internal.ericsson.com,CNA 403 2555,Epifanio Salamanca Cuadrado,Application Data Subsystem (CRA 119 2143),DPS (CNA 403 2555)
eric-enm-ephemeral-container,Deliverance,Cloud Native,pdltordepl@pdl.internal.ericsson.com,CNA 403 3735,David Kenny,Deployment Support,Cloud Native Troubleshooting Utility
eric-enm-flsdb-schemamgt,Warriors,Assurance & Optimisation,pdlenmwarr@pdl.internal.ericsson.com,CNA 403 3301,Mohammad Ashfak Khan (ZHMMKHN),Performance Configuration and Collection subsystem (CRA 119 2178),File Lookup NBI (CNA 403 3301)
eric-enm-fm-alert-parser,Smart,D&S,team smart <teamsmart@tcscomprod.onmicrosoft.com>,CNA 403 3053,Piyush chandravanshi,User Administration Applications (CRA 119 2173),OSS Monitoring Admin Set (CNA 403 3053)
eric-enm-fmx-integration,Dhruva,Assurance & Optimisation,,CNA 403 3159,,,
eric-enm-http-alarms-forwarder,Vamana,Assurance & Optimisation,ericssonhyderabad.enmiptransportvamana@tcs.com,CNA 403 3010,"Shiraz Farooque <shiraz.f1@tcs.com>,   Salman B <salman.b-external@tcs.com>",Shared Mediation Components (CRA 119 2227),Shared FM Mediation (CNA 403 3010)
eric-enm-init-container,Misty,Cloud Native,teammisty@tcscomprod.onmicrosoft.com,,,,
eric-enm-kvstore-hc,Fenrir,Cloud Native,pdlnmfeatu@pdl.internal.ericsson.com,CNA 403 3711,Gustavo Russo Zanardo,Common Services Subsystem (CRA 119 2186),Key Value Store (CNA 403 3711)
eric-enm-kvstore-hc-bragent,Fenrir,Cloud Native,pdlnmfeatu@pdl.internal.ericsson.com,CNA 403 3711,Gustavo Russo Zanardo,Common Services Subsystem (CRA 119 2186),Key Value Store (CNA 403 3711)
eric-enm-modeldeployservice,Looney Tunes,Cloud Native,pdltorserv@pdl.internal.ericsson.com,CNA 403 3018,Ashish Singh Tomar,Core Framework Subsystem (CRA 119 2187),Modelling Framework (CNA 403 3018)
eric-enm-models-ebs,Striders,Assurance & Optimisation,mumbaiericsson.enmstriders@tcs.com,CNA 403 3148,Deepak Kthakur <deepak.kthakur@tcs.com>,Performance Optimization Subsystem (CRA 119 2288),Event Based Statistics (CNA 403 3148)
eric-enm-models-nrm,Looney Tunes,Cloud Native,pdltorserv@pdl.internal.ericsson.com,CNX 901 3526,Dara Leonard,Cloud Common (CRA 119 2327),ENM Model Containers (CNX 901 3526)
eric-enm-models-post-install,Looney Tunes,Cloud Native,pdltorserv@pdl.internal.ericsson.com,CNX 901 3526,Dara Leonard,Cloud Common (CRA 119 2327),ENM Model Containers (CNX 901 3526)
eric-enm-models-service,Looney Tunes,Cloud Native,pdltorserv@pdl.internal.ericsson.com,CNX 901 3526,Dara Leonard,Cloud Common (CRA 119 2327),ENM Model Containers (CNX 901 3526)
eric-enm-monitoring-eap6,Smart,D&S,team smart <teamsmart@tcscomprod.onmicrosoft.com>,CNA 403 2648,Piyush Chandravanshi,User Administration Applications (CRA 119 2173),Data Diagnostic Collection (CNA 403 2648)
eric-enm-monitoring-eap7,Smart,D&S,team smart <teamsmart@tcscomprod.onmicrosoft.com>,CNA 403 2648,Piyush Chandravanshi,User Administration Applications (CRA 119 2173),Data Diagnostic Collection (CNA 403 2648)
eric-enm-monitoring-jre,Smart,D&S,team smart <teamsmart@tcscomprod.onmicrosoft.com>,CNA 403 2648,Piyush Chandravanshi,User Administration Applications (CRA 119 2173),Data Diagnostic Collection (CNA 403 2648)
eric-enm-monitoring-master,Smart,D&S,team smart <teamsmart@tcscomprod.onmicrosoft.com>,CNA 403 2648,Piyush Chandravanshi,User Administration Applications (CRA 119 2173),Data Diagnostic Collection (CNA 403 2648)
eric-enm-monitoring-remotewriter,Smart,D&S,team smart <teamsmart@tcscomprod.onmicrosoft.com>,CNA 403 2648,Piyush Chandravanshi,User Administration Applications (CRA 119 2173),Data Diagnostic Collection (CNA 403 2648)
eric-enm-neo4j-extension-plugin,Fargo,Cloud Native,pdltorintr@pdl.internal.ericsson.com,CNA 403 3405,"Epifanio Salamanca Cuadrado, Michael Agyeyev, Rogerio Hilbert Lima",Database Subsystem (CRA 119 2332),NEO4J / GraphDB (CNA 403 3405)
eric-enm-omnidaemon,Hairybaby,D&S,hairybaby.ie@intive.com,CNA 403 3805,Gino Ruperez,Application Presentation Subsystem (CRA 119 2031),Ericsson Library Explorer(ELEX) (CNA 403 3805)
eric-enm-opendj-bragent,District 11,D&S,pdldistric@pdl.internal.ericsson.com,CNA 403 3016,"Fabio Giovo, Valeria Garello, Filippo Gallo, Pierpaolo Cazzola      ",Identity and Access Management (CRA 119 2141),Identity Management (CNA 403 3016)
eric-enm-securestorage-init-base,Despicable Us,D&S,pdldespica@pdl.internal.ericsson.com,CNA 403 3478,Giampiero Torrielli,PKI Subsystem (CRA 119 2166),Security Data Storage (CNA 403 3478)
eric-enm-security-service-init,Despicable Us,D&S,pdldespica@pdl.internal.ericsson.com,CNA 403 3478,Giampiero Torrielli,PKI Subsystem (CRA 119 2166),Security Data Storage (CNA 403 3478)
eric-enm-sfwkdb-schemamgt,Decepticons,D&S,pdlnmteamd@pdl.internal.ericsson.com,CNA 403 3059,Sandeep Reddy Guda,Core Framework Subsystem (CRA 119 2187),Service Framework (CNA 403 3059)
eric-enm-sles-apache2,Artificers,D&S,,CNA 403 3100,D&S ,,
eric-enm-sles-base,Fenrir,Cloud Native,pdlnmfeatu@pdl.internal.ericsson.com,CNA 403 3715,Nitty Benny,Cloud Native Management (CRA 119 2330),SLES Container OS (CNA 403 3715)
eric-enm-snmp-trap-forwarder,Vamana,Assurance & Optimisation,ericssonhyderabad.enmiptransportvamana@tcs.com,CNA 403 3357,"Shiraz Farooque <shiraz.f1@tcs.com>,   Salman B <salman.b-external@tcs.com>",Shared Mediation Components (CRA 119 2227),Shared SNMP Mediation (CNA 403 3357)
eric-enm-sso-core-token-service,The Sixteenth Floor,D&S,pdlthe16th@pdl.internal.ericsson.com,CNA 403 2976,Andrea Pozzo             ,Identity and Access Management (CRA 119 2141),Single Sign On - security management (CNA 403 2976)
eric-enm-troubleshooting-utils,Deliverance,Cloud Native,pdltordepl@pdl.internal.ericsson.com,CNA 403 3735,Slawomir Mlynarowicz,Deployment Support (CRA 119 2165),Cloud Native Troubleshooting Utility (CNA 403 3735)
eric-enm-vault-3pp,Despicable Us,D&S,pdldespica@pdl.internal.ericsson.com,CNA 403 3478,Giampiero Torrielli,PKI Subsystem (CRA 119 2166),Security Data Storage (CNA 403 3478)
eric-enm-vault-service-init,Despicable Us,D&S,pdldespica@pdl.internal.ericsson.com,CNA 403 3478,Giampiero Torrielli,PKI Subsystem (CRA 119 2166),Security Data Storage (CNA 403 3478)
eric-enmsg-access-control,Despicable Us,D&S,pdldespica@pdl.internal.ericsson.com,CNA 403 2983,"Giampiero Torrielli, Pierpaolo Cazzola      ",Identity and Access Management (CRA 119 2141),Access control (Security Services) (CNA 403 2983)
eric-enmsg-access-control-httpd,Despicable Us,D&S,pdldespica@pdl.internal.ericsson.com,CNA 403 2983,"Giampiero Torrielli, Pierpaolo Cazzola      ",Identity and Access Management (CRA 119 2141),Access control (Security Services) (CNA 403 2983)
eric-enmsg-amos,Vasista,Assurance & Optimisation,ericssonhyd.enmvasista@tcs.com,CNA 403 3129,Sailatha Chittaluri <sailatha.chittaluri@tcs.com>,Network Element Management Tools (CRA 119 2260),Advanced MO Shell (CNA 403 3129)
eric-enmsg-amos-httpd,Vasista,Assurance & Optimisation,ericssonhyd.enmvasista@tcs.com,CNA 403 3129,Sailatha Chittaluri <sailatha.chittaluri@tcs.com>,Network Element Management Tools (CRA 119 2260),Advanced MO Shell (CNA 403 3129)
eric-enmsg-autoid-service,Warriors,Assurance & Optimisation,pdlenmwarr@pdl.internal.ericsson.com,CNA 403 3000,Ravi Roushan Kumar(XRAVROU),Radio Provisioning Subsystem (CRA 119 2191),Auto ID Management (CNA 403 3000)
eric-enmsg-autoid-service-httpd,Warriors,Assurance & Optimisation,pdlenmwarr@pdl.internal.ericsson.com,CNA 403 3000,Ravi Roushan Kumar(XRAVROU),Radio Provisioning Subsystem (CRA 119 2191),Auto ID Management (CNA 403 3000)
eric-enmsg-autoprovisioning,Invaders,Network Services,pdlenminva@pdl.internal.ericsson.com,CNA 403 2978,Malireddi Kishore,Cross Domain Provisioning Subsystem (CRA 119 2183),Auto Provisioning (CNA 403 2978)
eric-enmsg-autoprovisioning-httpd,Invaders,Network Services,pdlenminva@pdl.internal.ericsson.com,CNA 403 2978,Malireddi Kishore,Cross Domain Provisioning Subsystem (CRA 119 2183),Auto Provisioning (CNA 403 2978)
eric-enmsg-cellserv,Vindhyas,Assurance & Optimisation,ericssonhyd.enmvindhyas@tcs.com,CNA 403 3293,Vishal Srivastava,Radio Provisioning Subsystem (CRA 119 2191),Cell Management - Cell Provisioning (CNA 403 3293)
eric-enmsg-cellserv-httpd,Vindhyas,Assurance & Optimisation,ericssonhyd.enmvindhyas@tcs.com,CNA 403 3293,Vishal Srivastava,Radio Provisioning Subsystem (CRA 119 2191),Cell Management - Cell Provisioning (CNA 403 3293)
eric-enmsg-cmevents,Vasista,Assurance & Optimisation,ericssonhyd.enmvasista@tcs.com,CNA 403 3055,pawankumar.singh5@tcs.com (ZSNIAPW),Cross Domain Provisioning Subsystem (CRA 119 2183),CM Events NBI (CNA 403 3055)
eric-enmsg-cmevents-httpd,Vasista,Assurance & Optimisation,ericssonhyd.enmvasista@tcs.com,CNA 403 3055,pawankumar.singh5@tcs.com (ZSNIAPW),Cross Domain Provisioning Subsystem (CRA 119 2183),CM Events NBI (CNA 403 3055)
eric-enmsg-cmservice,Blue Sky,Cloud Native,pdlbluesky@pdl.internal.ericsson.com,CNA 403 3480,Diego Sobrero,System Tools (CRA 119 2263),CLI Framework (CNA 403 3480)
eric-enmsg-cmservice-httpd,Blue Sky,Cloud Native,pdlbluesky@pdl.internal.ericsson.com,CNA 403 3480,Diego Sobrero,System Tools (CRA 119 2263),CLI Framework (CNA 403 3480)
eric-enmsg-cmutilities,Ajeya,Assurance & Optimisation,ericssonhyd.enmajeya@tcs.com,CNA 403 3399,"Azharuddin M(XMOHAZH) - Parameter Management, Paul King - TopologyRelationships",Cross Domain Provisioning Subsystem (CRA 119 2183),Parameter Management (CNA 403 3399)
eric-enmsg-cmutilities-httpd,Ajeya,Assurance & Optimisation,ericssonhyd.enmajeya@tcs.com,CNA 403 3399,"Azharuddin M(XMOHAZH) - Parameter Management, Paul King - TopologyRelationships",Cross Domain Provisioning Subsystem (CRA 119 2183),Parameter Management (CNA 403 3399)
eric-enmsg-com-ecim-mscm,Sentinels,Security,ericssonhyd.enmsentinels@tcs.com,CNA 403 3104,Akshay Ballarpure <akshay.ballarpure@tcs.com>,ECIM Nodes Mediation (CRA 119 2180),Shared ECIM CM Mediation (CNA 403 3104)
eric-enmsg-comecimpolicy,Sentinels,Security,ericssonhyd.enmsentinels@tcs.com,CNA 403 3358,See CXP below,Shared Mediation Components (CRA 119 2227),Mediation Router Policies (CNA 403 3358)
eric-enmsg-counter-management,Striders,Assurance & Optimisation,mumbaiericsson.enmstriders@tcs.com,CNA 403 3148,Deepak Kthakur <deepak.kthakur@tcs.com>,Performance Optimization Subsystem (CRA 119 2288),Event Based Statistics (CNA 403 3148)
eric-enmsg-counter-management-httpd,Striders,Assurance & Optimisation,mumbaiericsson.enmstriders@tcs.com,CNA 403 3148,Deepak Kthakur <deepak.kthakur@tcs.com>,Performance Optimization Subsystem (CRA 119 2288),Event Based Statistics (CNA 403 3148)
eric-enmsg-dc-history,Vasista,Assurance & Optimisation,ericssonhyd.enmvasista@tcs.com,CNA 403 3055,pawankumar.singh5@tcs.com (ZSNIAPW),Cross Domain Provisioning Subsystem (CRA 119 2183),CM Events NBI (CNA 403 3055)
eric-enmsg-dc-history-httpd,Vasista,Assurance & Optimisation,ericssonhyd.enmvasista@tcs.com,CNA 403 3055,pawankumar.singh5@tcs.com (ZSNIAPW),Cross Domain Provisioning Subsystem (CRA 119 2183),CM Events NBI (CNA 403 3055)
eric-enmsg-dlms,Dhruva,Assurance & Optimisation,pdlenmdhru@pdl.internal.ericsson.com,CNA 403 3068,Vivek Kumar,Application Data Subsystem (CRA 119 2143),Data Lifecycle Management Service (CNA 403 3068)
eric-enmsg-domain-proxy-coordinator,Oasis,Assurance & Optimisation,pdltorssol@pdl.internal.ericsson.com,CNA 403 3458,"Nicholas Fitzgerald, Mayke Nespoli",Radio Provisioning Subsystem (CRA 119 2191),CBRS Domain Proxy Service (CNA 403 3458)
eric-enmsg-domain-proxy-coordinator-httpd,Oasis,Assurance & Optimisation,pdltorssol@pdl.internal.ericsson.com,CNA 403 3458,"Nicholas Fitzgerald, Mayke Nespoli",Radio Provisioning Subsystem (CRA 119 2191),CBRS Domain Proxy Service (CNA 403 3458)
eric-enmsg-dpmediation,Mjolnir,Assurance & Optimisation,,CNA 403 3481,,,
eric-enmsg-ebs-controller,Striders,Assurance & Optimisation,mumbaiericsson.enmstriders@tcs.com,CNA 403 3148,Deepak Kthakur <deepak.kthakur@tcs.com>,Performance Optimization Subsystem (CRA 119 2288),Event Based Statistics (CNA 403 3148)
eric-enmsg-ebs-flow,Striders,Assurance & Optimisation,mumbaiericsson.enmstriders@tcs.com,CNA 403 3148,Deepak Kthakur <deepak.kthakur@tcs.com>,Performance Optimization Subsystem (CRA 119 2288),Event Based Statistics (CNA 403 3148)
eric-enmsg-ebs-topology,Striders,Assurance & Optimisation,mumbaiericsson.enmstriders@tcs.com,CNA 403 3148,Deepak Kthakur <deepak.kthakur@tcs.com>,Performance Optimization Subsystem (CRA 119 2288),Event Based Statistics (CNA 403 3148)
eric-enmsg-elasticsearch,Enigma,Cloud Native,,CNA 403 3796,Phaninder Reddy Koyya,Database Subsystem (CRA 119 2332),Elasticsearch/ SearchEngine (CNA 403 3796)
eric-enmsg-element-manager,Vasista,Assurance & Optimisation,ericssonhyd.enmvasista@tcs.com,CNA 403 3161,Sailatha Chittaluri <sailatha.chittaluri@tcs.com>, Conor Broderick is CNA responsible for UDC Dashboard,Network Element Management Tools (CRA 119 2260)
eric-enmsg-element-manager-httpd,Vasista,Assurance & Optimisation,ericssonhyd.enmvasista@tcs.com,CNA 403 3161,Sailatha Chittaluri <sailatha.chittaluri@tcs.com>, Conor Broderick is CNA responsible for UDC Dashboard,Network Element Management Tools (CRA 119 2260)
eric-enmsg-elex,Deliverance,Cloud Native,pdltordepl@pdl.internal.ericsson.com,CNA 403 3805,Gino Ruperez,Application Presentation Subsystem (CRA 119 2031),Ericsson Library Explorer(ELEX) (CNA 403 3805)
eric-enmsg-eventbasedclient,Spartans,Security,ericssonhyd.enmspartans@tcs.com,CNA 403 3151,Satyanarayana Kurumella(ZKURSAT),Mediation Framework (CRA 119 2135),Mediation Clients (CNA 403 3151)
eric-enmsg-fileaccountservice,Zenith,Network Services,ericssonhyd.enmzenith@tcs.com,CNA 403 3331,"Sampath Kumar Banda (XSAMPBA), Swapna Guduru (XSWAGUD)",Cross Domain Provisioning Subsystem,
eric-enmsg-fileaccountservice-httpd,Zenith,Network Services,ericssonhyd.enmzenith@tcs.com,CNA 403 3331,"Sampath Kumar Banda (XSAMPBA), Swapna Guduru (XSWAGUD)",Cross Domain Provisioning Subsystem,
eric-enmsg-filetransferservice,Zenith,Network Services,ericssonhyd.enmzenith@tcs.com,CNA 403 3331,"Sampath Kumar Banda (XSAMPBA), Swapna Guduru (XSWAGUD)",Cross Domain Provisioning Subsystem,
eric-enmsg-flowautomation,Dakka,Network Services,pdlteamsid@pdl.internal.ericsson.com,CNA 403 3544,Raul Lopes (ELPSRLX),System Tools (CRA 119 2263),Flow Automation (CNA 403 3544)
eric-enmsg-flowautomation-httpd,Dakka,Network Services,pdlteamsid@pdl.internal.ericsson.com,CNA 403 3544,Raul Lopes (ELPSRLX),System Tools (CRA 119 2263),Flow Automation (CNA 403 3544)
eric-enmsg-fls,Warriors,Assurance & Optimisation,pdlenmwarr@pdl.internal.ericsson.com,CNA 403 3301,Mohammad Ashfak Khan (ZHMMKHN),Performance Configuration and Collection subsystem (CRA 119 2178),File Lookup NBI (CNA 403 3301)
eric-enmsg-fls-httpd,Warriors,Assurance & Optimisation,pdlenmwarr@pdl.internal.ericsson.com,CNA 403 3301,Mohammad Ashfak Khan (ZHMMKHN),Performance Configuration and Collection subsystem (CRA 119 2178),File Lookup NBI (CNA 403 3301)
eric-enmsg-fm-alarm-processing,Dhruva,Assurance & Optimisation,pdlenmdhru@pdl.internal.ericsson.com,CNA 403 3489,"Jakka Prashanthi (ZJAKPRA), Wayne Riordan(ERIOWAY)",Fault Management Subsystem (CRA 119 2176),Fault management service (CNA 403 3489)
eric-enmsg-fm-history,Dhruva,Assurance & Optimisation,pdlenmdhru@pdl.internal.ericsson.com,CNA 403 3489,"Jakka Prashanthi (ZJAKPRA), Wayne Riordan(ERIOWAY)",Fault Management Subsystem (CRA 119 2176),Fault management service (CNA 403 3489)
eric-enmsg-fm-history-httpd,Dhruva,Assurance & Optimisation,pdlenmdhru@pdl.internal.ericsson.com,CNA 403 3489,"Jakka Prashanthi (ZJAKPRA), Wayne Riordan(ERIOWAY)",Fault Management Subsystem (CRA 119 2176),Fault management service (CNA 403 3489)
eric-enmsg-fm-service,Dhruva,Assurance & Optimisation,pdlenmdhru@pdl.internal.ericsson.com,CNA 403 3489,"Jakka Prashanthi (ZJAKPRA), Wayne Riordan(ERIOWAY)",Fault Management Subsystem (CRA 119 2176),Fault management service (CNA 403 3489)
eric-enmsg-fm-service-httpd,Dhruva,Assurance & Optimisation,pdlenmdhru@pdl.internal.ericsson.com,CNA 403 3489,"Jakka Prashanthi (ZJAKPRA), Wayne Riordan(ERIOWAY)",Fault Management Subsystem (CRA 119 2176),Fault management service (CNA 403 3489)
eric-enmsg-fmx-actionserver,Dhruva,Assurance & Optimisation,,CNA 403 3159,"Mahesh Mateti (ZMAHMAT), Wayne Riordan (ERIOWAY)",Fault Management Subsystem,
eric-enmsg-fmx-admin-ws,Dhruva,Assurance & Optimisation,,CNA 403 3159,"Mahesh Mateti (ZMAHMAT), Wayne Riordan (ERIOWAY)",Fault Management Subsystem,
eric-enmsg-fmx-admin-ws-httpd,Dhruva,Assurance & Optimisation,,CNA 403 3159,"Mahesh Mateti (ZMAHMAT), Wayne Riordan (ERIOWAY)",Fault Management Subsystem,
eric-enmsg-fmx-inference-engine,Dhruva,Assurance & Optimisation,,CNA 403 3159,"Mahesh Mateti (ZMAHMAT), Wayne Riordan (ERIOWAY)",Fault Management Subsystem,
eric-enmsg-fmx-moduleserver,Dhruva,Assurance & Optimisation,,CNA 403 3159,"Mahesh Mateti (ZMAHMAT), Wayne Riordan (ERIOWAY)",Fault Management Subsystem,
eric-enmsg-general-scripting,Vasista,Assurance & Optimisation,ericssonhyd.enmvasista@tcs.com,CNA 403 3633,Sailatha Chittaluri <sailatha.chittaluri@tcs.com>,User Application Environment (CRA 119 2262),Scripting Environment (CNA 403 3633)
eric-enmsg-general-scripting-httpd,Vasista,Assurance & Optimisation,ericssonhyd.enmvasista@tcs.com,CNA 403 3633,Sailatha Chittaluri <sailatha.chittaluri@tcs.com>,User Application Environment (CRA 119 2262),Scripting Environment (CNA 403 3633)
eric-enmsg-gossiprouter-cache,Decepticons,D&S,pdlnmteamd@pdl.internal.ericsson.com,CNA 403 3396,Arnis Vasilenoks (ZVSLRNS),Core Framework Subsystem (CRA 119 2187),Gossip Router (CNA 403 3396)
eric-enmsg-gossiprouter-eap7,Decepticons,D&S,pdlnmteamd@pdl.internal.ericsson.com,CNA 403 3396,Arnis Vasilenoks (ZVSLRNS),Core Framework Subsystem (CRA 119 2187),Gossip Router (CNA 403 3396)
eric-enmsg-gossiprouter-remoting,Decepticons,D&S,pdlnmteamd@pdl.internal.ericsson.com,CNA 403 3396,Arnis Vasilenoks (ZVSLRNS),Core Framework Subsystem (CRA 119 2187),Gossip Router (CNA 403 3396)
eric-enmsg-identity-mgmt-service,District 11,D&S,pdldistric@pdl.internal.ericsson.com,CNA 403 3016,"Fabio Giovo, Valeria Garello, Filippo Gallo, Pierpaolo Cazzola      ",Identity and Access Management (CRA 119 2141),Identity Management (CNA 403 3016)
eric-enmsg-identity-mgmt-service-httpd,District 11,D&S,pdldistric@pdl.internal.ericsson.com,CNA 403 3016,"Fabio Giovo, Valeria Garello, Filippo Gallo, Pierpaolo Cazzola      ",Identity and Access Management (CRA 119 2141),Identity Management (CNA 403 3016)
eric-enmsg-import-export-service,Vedas,Assurance & Optimisation,ericssonhyd.enmvedas@tcs.com,CNA 403 2977,"Yashwanth Katta(yashwanth.k@tcs.com)(Import), Nithya Paramkusam(nithya.paramkusam@tcs.com)(Export)",Cross Domain Provisioning Subsystem (CRA 119 2183),Import Export (CNA 403 2977)
eric-enmsg-import-export-service-httpd,Vedas,Assurance & Optimisation,ericssonhyd.enmvedas@tcs.com,CNA 403 2977,"Yashwanth Katta(yashwanth.k@tcs.com)(Import), Nithya Paramkusam(nithya.paramkusam@tcs.com)(Export)",Cross Domain Provisioning Subsystem (CRA 119 2183),Import Export (CNA 403 2977)
eric-enmsg-ip-service-management,Aviators,Transport,ericssonhyderabad.enmiptransportaviators@tcs.com,CNA 403 3394,Kishore Kandi <kishore.kandi@tcs.com>,Network Resource Models (CRA 119 2228),NRMs Site Transport (CNA 403 3394)
eric-enmsg-ip-service-management-httpd,Aviators,Transport,ericssonhyderabad.enmiptransportaviators@tcs.com,CNA 403 3394,Kishore Kandi <kishore.kandi@tcs.com>,Network Resource Models (CRA 119 2228),NRMs Site Transport (CNA 403 3394)
eric-enmsg-itservices,Hellraisers,D&S,hellraisers.ie@intive.com,CNA 403 3098,Dennis Riedy for ENMinst,Michael Agyeyev for Versant,Richie Loughran for Postgres
eric-enmsg-itservices-httpd,Hellraisers,D&S,hellraisers.ie@intive.com,CNA 403 3098,Dennis Riedy for ENMinst,Michael Agyeyev for Versant,Richie Loughran for Postgres
eric-enmsg-jmsserver,Decepticons,D&S,pdlnmteamd@pdl.internal.ericsson.com,CNA 403 3330,Trevor Cunniffe (ECNNTRV),Core Framework Subsystem (CRA 119 2187),JMS (CNA 403 3330)
eric-enmsg-kpi-calc-serv,Burgundy,Cloud Native,pdlreteamb@pdl.internal.ericsson.com,CNA 403 2994,Cian Prendergast (ECIAPRE),Monitoring and Diagnostics Subsystem (CRA 119 2177),Network Health Monitor (CNA 403 2994)
eric-enmsg-kpi-calc-serv-httpd,Burgundy,Cloud Native,pdlreteamb@pdl.internal.ericsson.com,CNA 403 2994,Cian Prendergast (ECIAPRE),Monitoring and Diagnostics Subsystem (CRA 119 2177),Network Health Monitor (CNA 403 2994)
eric-enmsg-kpi-service,Burgundy,Cloud Native,pdlreteamb@pdl.internal.ericsson.com,CNA 403 2994,Cian Prendergast (ECIAPRE),Monitoring and Diagnostics Subsystem (CRA 119 2177),Network Health Monitor (CNA 403 2994)
eric-enmsg-kpi-service-httpd,Burgundy,Cloud Native,pdlreteamb@pdl.internal.ericsson.com,CNA 403 2994,Cian Prendergast (ECIAPRE),Monitoring and Diagnostics Subsystem (CRA 119 2177),Network Health Monitor (CNA 403 2994)
eric-enmsg-lcmservice,Decepticons,D&S,pdlnmteamd@pdl.internal.ericsson.com,CNA 403 2988,Shalini Guniganti (EGNGSHL),User Administration Applications (CRA 119 2173),License Control and monitoring (CNA 403 2988)
eric-enmsg-lcmservice-httpd,Decepticons,D&S,pdlnmteamd@pdl.internal.ericsson.com,CNA 403 2988,Shalini Guniganti (EGNGSHL),User Administration Applications (CRA 119 2173),License Control and monitoring (CNA 403 2988)
eric-enmsg-medrouter,Spartans,Security,ericssonhyd.enmspartans@tcs.com,CNA 403 3152,Satyanarayana Kurumella <ZKURSAT>,Mediation Framework (CRA 119 2135),Mediation Router (CNA 403 3152)
eric-enmsg-msap,Invaders,Network Services,pdlenminva@pdl.internal.ericsson.com,CNA 403 2978,Malireddi Kishore,Cross Domain Provisioning Subsystem (CRA 119 2183),Auto Provisioning (CNA 403 2978)
eric-enmsg-msapgfm,Chargers,Security,pdlenmchar@pdl.internal.ericsson.com,CNA 403 3448,"Ashokbabu vadlamudi(XASHVAD), Kumaraswamy yadha (XKUMYAD), Madhu Mekala (XMADMEK), Sudharani Avasarala (XSUDAVA)",Misc Nodes Mediation (CRA 119 2229),APG Mediation (CNA 403 3448)
eric-enmsg-mscm,Spartans,Security,ericssonhyd.enmspartans@tcs.com,CNA 403 3119,See CXP below,CPP Nodes Mediation (CRA 119 2181),Shared CPP CM Mediation (CNA 403 3119)
eric-enmsg-mscmapg,Chargers,Security,pdlenmchar@pdl.internal.ericsson.com,CNA 403 3448,"Ashokbabu vadlamudi(XASHVAD), Kumaraswamy yadha (XKUMYAD), Madhu Mekala (XMADMEK), Sudharani Avasarala (XSUDAVA)",Misc Nodes Mediation (CRA 119 2229),APG Mediation (CNA 403 3448)
eric-enmsg-mscmip,Quarks,Transport,ericssonhyderabad.enmiptransportquarks@tcs.com,CNA 403 3391,Hemasai Killi <hemasai.killi@tcs.com>,Network Resource Models (CRA 119 2228),NRMs Transport Routers (CNA 403 3391)
eric-enmsg-msfm,Dhruva,Assurance & Optimisation,pdlenmdhru@pdl.internal.ericsson.com,CNA 403 3489,"Jakka Prashanthi (ZJAKPRA), Wayne Riordan(ERIOWAY)",Fault Management Subsystem (CRA 119 2176),Fault management service (CNA 403 3489)
eric-enmsg-mskpirt,Burgundy,Cloud Native,pdlreteamb@pdl.internal.ericsson.com,CNA 403 3597,Cian Prendergast (ECIAPRE),CPP Nodes Mediation (CRA 119 2181),Shared CPP KPI Mediation (CNA 403 3597)
eric-enmsg-msnetlog,Dhruva,Assurance & Optimisation,pdlenmdhru@pdl.internal.ericsson.com,CNA 403 3260,Prashanthi Jakka,Fault Management Subsystem (CRA 119 2176),Node Log Management (CNA 403 3260)
eric-enmsg-mspm,Warriors,Assurance & Optimisation,pdlenmwarr@pdl.internal.ericsson.com,CNA 403 2970,"Services: Mithun /Jeeva , UI : Raheela , PMIC Transport: Kiran Kumar (kirankumar1.r@tcs.com)",Performance Configuration and Collection subsystem (CRA 119 2178),PM Initiation and Collection (CNA 403 2970)
eric-enmsg-mspmip,Warriors,Assurance & Optimisation,pdlenmwarr@pdl.internal.ericsson.com,CNA 403 2970,"Services: Mithun /Jeeva , UI : Raheela , PMIC Transport: Kiran Kumar (kirankumar1.r@tcs.com)",Performance Configuration and Collection subsystem (CRA 119 2178),PM Initiation and Collection (CNA 403 2970)
eric-enmsg-mssnmpcm,Raptors,Transport,ericssonhyderabad.enmiptransportraptors@tcs.com,CNA 403 3109,See CXP below,Transport Nodes Mediation (CRA 119 2230),MINI-LINK Mediation (CNA 403 3109)
eric-enmsg-mssnmpfm,Vamana,Assurance & Optimisation,ericssonhyderabad.enmiptransportvamana@tcs.com,CNA 403 3010,"Shiraz Farooque <shiraz.f1@tcs.com>,   Salman B <salman.b-external@tcs.com>",Shared Mediation Components (CRA 119 2227),Shared FM Mediation (CNA 403 3010)
eric-enmsg-mssnmpfm,Vamana,Assurance & Optimisation,,CNA 403 3010,Assurance & Optimisation,,Shared FM Mediation
eric-enmsg-nb-alarm-irp-agent-corba,Dhruva,Assurance & Optimisation,pdlenmdhru@pdl.internal.ericsson.com,CNA 403 3068,Vivek Kumar,Application Data Subsystem (CRA 119 2143),Data Lifecycle Management Service (CNA 403 3068)
eric-enmsg-nb-alarm-irp-agent-corba-httpd,Dhruva,Assurance & Optimisation,pdlenmdhru@pdl.internal.ericsson.com,CNA 403 3068,Vivek Kumar,Application Data Subsystem (CRA 119 2143),Data Lifecycle Management Service (CNA 403 3068)
eric-enmsg-nb-fm-snmp,Dhruva,Assurance & Optimisation,pdlenmdhru@pdl.internal.ericsson.com,CNA 403 3436,Mahesh Mateti,Fault Management Subsystem (CRA 119 2176),ENM FM SNMP NBI (CNA 403 3436)
eric-enmsg-nb-fm-snmp-httpd,Dhruva,Assurance & Optimisation,pdlenmdhru@pdl.internal.ericsson.com,CNA 403 3436,Mahesh Mateti,Fault Management Subsystem (CRA 119 2176),ENM FM SNMP NBI (CNA 403 3436)
eric-enmsg-nbi-bnsi-fm,Dhruva,Assurance & Optimisation,pdlenmdhru@pdl.internal.ericsson.com,CNA 403 3112,"Rajesh SP (XRAJESP),  Jakka Prashanthi (ZJAKPRA)",Fault Management Subsystem (CRA 119 2176),ENM FM BNSI NBI (CNA 403 3112)
eric-enmsg-nedo-serv,Vishwam,Transport,EricssonHyderabad ENMIPTransportvishwam Grp,CNA 403 3471,Swarnalatha Gunji <XSWAGUN>,Shared Network Element Handling (CRA 119 2257),Network Element Definition and Operations (CNA 403 3471)
eric-enmsg-nedo-serv-httpd,Vishwam,Transport,EricssonHyderabad ENMIPTransportvishwam Grp,CNA 403 3471,Swarnalatha Gunji <XSWAGUN>,Shared Network Element Handling (CRA 119 2257),Network Element Definition and Operations (CNA 403 3471)
eric-enmsg-networkexplorer,Incisive,Assurance & Optimisation,teamincisive@tcscomprod.onmicrosoft.com,CNA 403 2993,Lakshmi Pravallika - XLAKMOP,Cross Domain Provisioning Subsystem (CRA 119 2183),Network Explorer (CNA 403 2993)
eric-enmsg-networkexplorer-httpd,Incisive,Assurance & Optimisation,teamincisive@tcscomprod.onmicrosoft.com,CNA 403 2993,Lakshmi Pravallika - XLAKMOP,Cross Domain Provisioning Subsystem (CRA 119 2183),Network Explorer (CNA 403 2993)
eric-enmsg-node-plugins,SpiceGirls,BNEW RAN,#N/A,CNA 403 3551,Pawel Godek ,Radio Provisioning Subsystem (CRA 119 2191),Node Plugins (CNA 403 3551)
eric-enmsg-node-plugins-httpd,SpiceGirls,BNEW RAN,#N/A,CNA 403 3551,Pawel Godek ,Radio Provisioning Subsystem (CRA 119 2191),Node Plugins (CNA 403 3551)
eric-enmsg-nodecli,Raptors,Transport,ericssonhyderabad.enmiptransportraptors@tcs.com,CNA 403 3061,Swathi Aleti <swathi.aleti@tcs.com>,Network Element Management Tools (CRA 119 2260),Node CLI launch (Network element CLI launch) (CNA 403 3061)
eric-enmsg-nodecli-httpd,Raptors,Transport,ericssonhyderabad.enmiptransportraptors@tcs.com,CNA 403 3061,Swathi Aleti <swathi.aleti@tcs.com>,Network Element Management Tools (CRA 119 2260),Node CLI launch (Network element CLI launch) (CNA 403 3061)
eric-enmsg-opendj,District 11,D&S,pdldistric@pdl.internal.ericsson.com,CNA 403 3016,"Fabio Giovo, Valeria Garello, Filippo Gallo, Pierpaolo Cazzola      ",Identity and Access Management (CRA 119 2141),Identity Management (CNA 403 3016)
eric-enmsg-opendj-init,District 11,D&S,pdldistric@pdl.internal.ericsson.com,CNA 403 3016,"Fabio Giovo, Valeria Garello, Filippo Gallo, Pierpaolo Cazzola      ",Identity and Access Management (CRA 119 2141),Identity Management (CNA 403 3016)
eric-enmsg-openidm,District 11,D&S,pdldistric@pdl.internal.ericsson.com,CNA 403 3016,"Fabio Giovo, Valeria Garello, Filippo Gallo, Pierpaolo Cazzola      ",Identity and Access Management (CRA 119 2141),Identity Management (CNA 403 3016)
eric-enmsg-ops,Eklavya,Assurance & Optimisation,,CNA 403 3474,,,
eric-enmsg-pki-ra-service,J-Team,D&S,pdljteamjt@pdl.internal.ericsson.com,CNA 403 3056,"Franco Ferioli, Michele Nuovo",PKI Subsystem (CRA 119 2166),Public Key Infrastructure (CNA 403 3056)
eric-enmsg-pki-ra-service-httpd,J-Team,D&S,pdljteamjt@pdl.internal.ericsson.com,CNA 403 3056,"Franco Ferioli, Michele Nuovo",PKI Subsystem (CRA 119 2166),Public Key Infrastructure (CNA 403 3056)
eric-enmsg-pmic-router-policy,Warriors,Assurance & Optimisation,pdlenmwarr@pdl.internal.ericsson.com,CNA 403 3358,#N/A,#N/A,#N/A
eric-enmsg-pmservice,Warriors,Assurance & Optimisation,pdlenmwarr@pdl.internal.ericsson.com,CNA 403 2970,"Services: Mithun /Jeeva , UI : Raheela , PMIC Transport: Kiran Kumar (kirankumar1.r@tcs.com)",Performance Configuration and Collection subsystem (CRA 119 2178),PM Initiation and Collection (CNA 403 2970)
eric-enmsg-pmservice-httpd,Warriors,Assurance & Optimisation,pdlenmwarr@pdl.internal.ericsson.com,CNA 403 2970,"Services: Mithun /Jeeva , UI : Raheela , PMIC Transport: Kiran Kumar (kirankumar1.r@tcs.com)",Performance Configuration and Collection subsystem (CRA 119 2178),PM Initiation and Collection (CNA 403 2970)
eric-enmsg-remotedesktop,Vasista,Assurance & Optimisation,ericssonhyd.enmvasista@tcs.com,CNA 403 3161,Sailatha Chittaluri <sailatha.chittaluri@tcs.com>, Conor Broderick is CNA responsible for UDC Dashboard,Network Element Management Tools (CRA 119 2260)
eric-enmsg-sa-service,Maurya,Assurance & Optimisation,pdlnmteamm@pdl.internal.ericsson.com,CNA 403 3346,Sanbit Roy sanbit.roy@wipro.com,Monitoring and Diagnostics Subsystem (CRA 119 2177),Spectrum Measurement Management (CNA 403 3346)
eric-enmsg-sa-service-httpd,Maurya,Assurance & Optimisation,pdlnmteamm@pdl.internal.ericsson.com,CNA 403 3346,Sanbit Roy sanbit.roy@wipro.com,Monitoring and Diagnostics Subsystem (CRA 119 2177),Spectrum Measurement Management (CNA 403 3346)
eric-enmsg-security-service,Skyfall,D&S,pdlkyfallt@pdl.internal.ericsson.com,CNA 403 2983,"Giampiero Torrielli, Pierpaolo Cazzola      ",Identity and Access Management (CRA 119 2141),Access control (Security Services) (CNA 403 2983)
eric-enmsg-security-service-httpd,Skyfall,D&S,pdlkyfallt@pdl.internal.ericsson.com,CNA 403 2983,"Giampiero Torrielli, Pierpaolo Cazzola      ",Identity and Access Management (CRA 119 2141),Access control (Security Services) (CNA 403 2983)
eric-enmsg-sentinel,Decepticons,D&S,pdlnmteamd@pdl.internal.ericsson.com,CNA 403 2988,Shalini Guniganti (EGNGSHL),User Administration Applications (CRA 119 2173),License Control and monitoring (CNA 403 2988)
eric-enmsg-shm-core-service,Trident,Network Services,ericssonhyd.enmshmtrident@tcs.com,CNA 403 2981,Sampath Kumar Banda(sampath.kumarbanda@tcs.com) & Swapna Guduru(guduru.swapna@tcs.com,Cross Domain Provisioning Subsystem (CRA 119 2183),Software Hardware Mgmt (SHM) (CNA 403 2981)
eric-enmsg-shm-core-service-httpd,Trident,Network Services,ericssonhyd.enmshmtrident@tcs.com,CNA 403 2981,Sampath Kumar Banda(sampath.kumarbanda@tcs.com) & Swapna Guduru(guduru.swapna@tcs.com,Cross Domain Provisioning Subsystem (CRA 119 2183),Software Hardware Mgmt (SHM) (CNA 403 2981)
eric-enmsg-shmservice,Trident,Network Services,ericssonhyd.enmshmtrident@tcs.com,CNA 403 2981,Sampath Kumar Banda(sampath.kumarbanda@tcs.com) & Swapna Guduru(guduru.swapna@tcs.com,Cross Domain Provisioning Subsystem (CRA 119 2183),Software Hardware Mgmt (SHM) (CNA 403 2981)
eric-enmsg-shmservice-httpd,Trident,Network Services,ericssonhyd.enmshmtrident@tcs.com,CNA 403 2981,Sampath Kumar Banda(sampath.kumarbanda@tcs.com) & Swapna Guduru(guduru.swapna@tcs.com,Cross Domain Provisioning Subsystem (CRA 119 2183),Software Hardware Mgmt (SHM) (CNA 403 2981)
eric-enmsg-smrs-service,Zenith,Network Services,ericssonhyd.enmzenith@tcs.com,CNA 403 3331,Swapna Guduru (XSWAGUD),Cross Domain Provisioning Subsystem (CRA 119 2183),SMRS (CNA 403 3331)
eric-enmsg-smrs-service-httpd,Zenith,Network Services,ericssonhyd.enmzenith@tcs.com,CNA 403 3331,Swapna Guduru (XSWAGUD),Cross Domain Provisioning Subsystem (CRA 119 2183),SMRS (CNA 403 3331)
eric-enmsg-sps-service,Despicable Us,D&S,pdldespica@pdl.internal.ericsson.com,CNA 403 3054,"Giampiero Torrielli, Marco Cappelli, CXP9034113 wrongly placed in this CNA (should be a new CNA in Deployment Support CRA 119 2165)",PKI Subsystem (CRA 119 2166),Credential Manager (CNA 403 3054)
eric-enmsg-sps-service-init,Despicable Us,D&S,pdldespica@pdl.internal.ericsson.com,CNA 403 3054,"Giampiero Torrielli, Marco Cappelli, CXP9034113 wrongly placed in this CNA (should be a new CNA in Deployment Support CRA 119 2165)",PKI Subsystem (CRA 119 2166),Credential Manager (CNA 403 3054)
eric-enmsg-sps-web-service,Despicable Us,D&S,pdldespica@pdl.internal.ericsson.com,CNA 403 3054,"Giampiero Torrielli, Marco Cappelli, CXP9034113 wrongly placed in this CNA (should be a new CNA in Deployment Support CRA 119 2165)",PKI Subsystem (CRA 119 2166),Credential Manager (CNA 403 3054)
eric-enmsg-sso,The Sixteenth Floor,D&S,pdlthe16th@pdl.internal.ericsson.com,CNA 403 2976,Andrea Pozzo             ,Identity and Access Management (CRA 119 2141),Single Sign On - security management (CNA 403 2976)
eric-enmsg-sso-httpd,The Sixteenth Floor,D&S,pdlthe16th@pdl.internal.ericsson.com,CNA 403 2976,Andrea Pozzo             ,Identity and Access Management (CRA 119 2141),Single Sign On - security management (CNA 403 2976)
eric-enmsg-supervisionclient,Spartans,Security,ericssonhyd.enmspartans@tcs.com,CNA 403 3151,Satyanarayana Kurumella(ZKURSAT),Mediation Framework (CRA 119 2135),Mediation Clients (CNA 403 3151)
eric-enmsg-uiservice,Hobbits,D&S,teamhobbits@tcscomprod.onmicrosoft.com,CNA 403 2998,Aditya Vikram D V,Application Presentation Subsystem (CRA 119 2031),Presentation Services (CNA 403 2998)
eric-enmsg-uiservice-httpd,Hobbits,D&S,teamhobbits@tcscomprod.onmicrosoft.com,CNA 403 2998,Aditya Vikram D V,Application Presentation Subsystem (CRA 119 2031),Presentation Services (CNA 403 2998)
eric-enmsg-vault-service,Despicable Us,D&S,pdldespica@pdl.internal.ericsson.com,CNA 403 3478,Giampiero Torrielli,PKI Subsystem (CRA 119 2166),Security Data Storage (CNA 403 3478)
eric-enmsg-visinaming-nb,Dhruva,Assurance & Optimisation,pdlenmdhru@pdl.internal.ericsson.com,CNA 403 3034,"Wayne Riordan (ERIOWAY), Mahesh Mateti (ZMAHMAT)",Fault Management Subsystem (CRA 119 2176),Alarm and Event 3GPP (CNA 403 3034)
eric-enmsg-visinaming-sb,Invaders,Network Services,pdlenminva@pdl.internal.ericsson.com,CNA 403 2978,Malireddi Kishore,Cross Domain Provisioning Subsystem (CRA 119 2183),Auto Provisioning (CNA 403 2978)
eric-enmsg-web-push-service,J-Team,D&S,pdljteamjt@pdl.internal.ericsson.com,CNA 403 2999,"Franco Ferioli, Michele Nuovo",Application Presentation Subsystem (CRA 119 2031),Web Push (CNA 403 2999)
eric-enmsg-web-push-service-httpd,J-Team,D&S,pdljteamjt@pdl.internal.ericsson.com,CNA 403 2999,"Franco Ferioli, Michele Nuovo",Application Presentation Subsystem (CRA 119 2031),Web Push (CNA 403 2999)
eric-eo-evnfm-mb,Fenrir,Cloud Native,,,,,
eric-log-shipper,Smart,D&S,team smart <teamsmart@tcscomprod.onmicrosoft.com>,CNA 403 3264,Log Viewer : Sudha Chadaram () , Elastic Search : K Phaninder Reddy (XPHAKOY),User Administration Applications (CRA 119 2173)
eric-log-shipper-hooklauncher,Burgundy,Cloud Native,,,,,
eric-log-shipper-sidecar,Burgundy,Cloud Native,,,,,
eric-log-transformer,Smart,D&S,team smart <teamsmart@tcscomprod.onmicrosoft.com>,CNA 403 3264,Log Viewer : Sudha Chadaram () , Elastic Search : K Phaninder Reddy (XPHAKOY),User Administration Applications (CRA 119 2173)
eric-log-transformer-pm-metrics,Smart,D&S,team smart <teamsmart@tcscomprod.onmicrosoft.com>,CNA 403 3264,Log Viewer : Sudha Chadaram () , Elastic Search : K Phaninder Reddy (XPHAKOY),User Administration Applications (CRA 119 2173)
eric-net-ingress-l4,Totoro,Cloud Native,pdlteamtot@pdl.internal.ericsson.com,CNA 403 3717,Patrick Kelly,Core Framework Subsystem (CRA 119 2187),Cloud Native Ingress Controller (CNA 403 3717)
eric-oss-ingress-controller-nx,Galaxy,Cloud Native,,,,Core Framework Subsystem (CRA 119 2187),Cloud Native Ingress Controller (CNA 403 3717)
eric-oss-metrics-stager,Smart,D&S,team smart <teamsmart@tcscomprod.onmicrosoft.com>,CNA 403 2648,Piyush Chandravanshi,Disaster Recovery Subsystem,Data Diagnostic Collection
eric-pm-alert-manager,Smart,D&S,team smart <teamsmart@tcscomprod.onmicrosoft.com>,CNA 403 2648,Piyush Chandravanshi,User Administration Applications (CRA 119 2173),Data Diagnostic Collection (CNA 403 2648)
eric-pm-configmap-reload,Smart,D&S,Common Asset-CD,CNA 403 2648,,,
eric-pm-exporter,Deliverance,Cloud Native,Common Asset-CD,CNA 403 3825,,,
eric-pm-fileaccess-nbi,Deliverance,Cloud Native,,CNA 403 3825,,,
eric-pm-server,Thunderbird,Cloud Native,Common Asset-CD,CNA 403 3710,,,
esm-user-creation-trigger,Thunderbird,Cloud Native,,CNA 403 3115,,,
graphdb-n4j,Fargo,Cloud Native,pdltorintr@pdl.internal.ericsson.com,CNA 403 3405,"Epifanio Salamanca Cuadrado, Michael Agyeyev, Rogerio Hilbert Lima",Database Subsystem (CRA 119 2332),NEO4J / GraphDB (CNA 403 3405)
graphdb-n4j-bragent,Fargo,Cloud Native,pdltorintr@pdl.internal.ericsson.com,CNA 403 3405,"Epifanio Salamanca Cuadrado, Michael Agyeyev, Rogerio Hilbert Lima",Database Subsystem (CRA 119 2332),NEO4J / GraphDB (CNA 403 3405)
mgusersexport-trigger,Thunderbird,Cloud Native,,CNA 403 3115,,,
Node Health Check,Warriors,Assurance & Optimisation,,CNA 403 3147,Assurance & Optimisation,,
node-exporter,Smart,D&S,team smart <teamsmart@tcscomprod.onmicrosoft.com>,CNA 403 2648,Piyush Chandravanshi,User Administration Applications (CRA 119 2173),Data Diagnostic Collection (CNA 403 2648)
pgdbcreation-trigger,Thunderbird,Cloud Native,,CNA 403 3115,,,
pgusersimport-trigger,Thunderbird,Cloud Native,,CNA 403 3115,,,
postgres-bragent,Enigma,Cloud Native,,,,,
Scripting Support,Oasis,D&S,,CNA 403 2997,Assurance & Optimisation,,
sles,Fenrir,Cloud Native,,,,,
System Security Configuration,The Sixteenth Floor,D&S,pdlthe16th@pdl.internal.ericsson.com,CNA 403 3065,D&S,,
eric-enm-vault-consulagent,Despicable Us,D&S,pdldespica@pdl.internal.ericsson.com,CNA 403 3478,Giampiero Torrielli,PKI Subsystem (CRA 119 2166),Security Data Storage (CNA 403 3478)
eric-log-transformer-hooklauncher,Burgundy,Cloud Native,pdlreteamb@pdl.internal.ericsson.com,CNA 403 2994,Cian Prendergast (ECIAPRE),Monitoring and Diagnostics Subsystem (CRA 119 2177),Network Health Monitor (CNA 403 2994)
eric-enmsg-fmx-inference-engine-cron,Dhruva,Assurance & Optimisation,,CNA 403 3159,"Mahesh Mateti (ZMAHMAT), Wayne Riordan (ERIOWAY)",Fault Management Subsystem,
eric-enm-ddc,Smart,D&S,team smart <teamsmart@tcscomprod.onmicrosoft.com>,CNA 403 2648,Piyush Chandravanshi,User Administration Applications (CRA 119 2173),Data Diagnostic Collection
eric-enmsg-fmx-rabbitmq-server,Game of Rules,Assurance & Optimisation,teamgor@tcscomprod.onmicrosoft.com,,"sravya.vandrangi@tcs.com (ZVANSRA), Bharat Polam (ZPOLBHA)",,
eric-cnom-server-hooklauncher,Thunderbird,Cloud Native,"team thunderbird" <teamthunderbird@tcscomprod.onmicrosoft.com>,CNA 403 3115,,,
eric-ctrl-bro-hooklauncher,Vandals,Cloud Native,pdlvandals@pdl.internal.ericsson.com,CNA 403 3411,,,
eric-data-key-value-database-rd-hooklauncher,Game of Rules,Assurance & Optimisation,teamgor@tcscomprod.onmicrosoft.com,CNA 403 3122,,,
eric-pm-hooklauncher,Thunderbird,Cloud Native,"team thunderbird" <teamthunderbird@tcscomprod.onmicrosoft.com>,CNA 403 3115,,,
eric-pm-initcontainer,Thunderbird,Cloud Native,"team thunderbird" <teamthunderbird@tcscomprod.onmicrosoft.com>,CNA 403 3115,,,
eric-pm-node-exporter,Thunderbird,Cloud Native,"team thunderbird" <teamthunderbird@tcscomprod.onmicrosoft.com>,CNA 403 3115,,,
eric-oss-enm-aa-proxy,Trojans,Cloud Native,teamtrojans@tcscomprod.onmicrosoft.com,,,,
alarmsync-trigger,Thunderbird,Cloud Native,"team thunderbird" <teamthunderbird@tcscomprod.onmicrosoft.com>,CNA 403 3771,,,
eric-pm-kube-state-metrics,Thunderbird,Cloud Native,"team thunderbird" <teamthunderbird@tcscomprod.onmicrosoft.com>,CNA 403 2648,,,
eric-enm-sles-base-scripting,Vasista,Assurance & Optimisation,ericssonhyd.enmvasista@tcs.com,CNA 403 3633,,,
eric-enmsg-winfiol-sg,Cybermen,Assurance & Optimisation,pdlenmcybe@pdl.internal.ericsson.com,CNA 403 3276,,,
eric-lcm-smart-helm-hooks-hooklauncher,Misty,Cloud Native,teammisty@tcscomprod.onmicrosoft.com,CNA 403 3708,,,
neo4j-service-migration,D3,Cloud Native,pdltordata@pdl.internal.ericsson.com,,,,
eric-enmsg-winfiol-sg-httpd,Cybermen,Assurance & Optimisation,pdlenmcybe@pdl.internal.ericsson.com,,,,
eric-enm-apg-printout-forwarder,Game of Rules,Assurance & Optimisation,teamgor@tcscomprod.onmicrosoft.com,,,,
esm-alertrule-common-alarm-framework-trigger,Thunderbird,Cloud Native,"team thunderbird" <teamthunderbird@tcscomprod.onmicrosoft.com>,,,,
eric-oss-enm-aa-proxy-httpd,Misty,Cloud Native,teammisty@tcscomprod.onmicrosoft.com,,,,
eric-enm-omnidaemon-backup-agent,Hawkeye,D&S,pdlnmteamh@pdl.internal.ericsson.com,,,,
eric-enmsg-ops-httpd,Eklavya,Assurance & Optimisation,pdlenmekla@pdl.internal.ericsson.com,,,,
eric-enmsg-ext-app-launch-enabler,Totoro,Cloud Native,pdlteamtot@pdl.internal.ericsson.com,,,,
eric-enmsg-ext-app-launch-enabler-httpd,Totoro,Cloud Native,pdlteamtot@pdl.internal.ericsson.com,,,,
eric-enmsg-sevserv-httpd,Aviators,Transport,ericssonhyderabad.enmiptransportaviators@tcs.com,,,,
eric-enm-permissions-mgr,Orion,D&S,pdldoorion@pdl.internal.ericsson.com,,,,
self-monitoring,D3,Cloud Native,pdltordata@pdl.internal.ericsson.com,,,,
eric-enm-apache-config-pre-upgrade-job,Inappropriates,Cloud Native,pdlenminap@pdl.internal.ericsson.com,,,,
eric-enmsg-networksecurity-httpd,The Sixteenth Floor,D&S,pdlthe16th@pdl.internal.ericsson.com,,,,
eric-enm-sles-eap7,Avalanche,D&S,enm/team avalanche-mandl <pdlteamava@pdl.internal.ericsson.com>,,,,