,Unnamed: 0,Image Name,Package Name,Package Paths,Rpm Package
0,51,eric-enm-flsdb-schemamgt,liquibase-core,/ericsson/fls_postgres/db/fls/sql/liquibase-core-3.5.3.jar,ERICflsdb_CXP9033329:1.28.1
1,51,eric-enm-flsdb-schemamgt,liquibase-core,/ericsson/fls_postgres/db/fls/sql/liquibase-core-3.5.3.jar,ERICflsdb_CXP9033329:1.28.1
2,51,eric-enm-flsdb-schemamgt,liquibase-core,/ericsson/fls_postgres/db/fls/liquibase/lib/liquibase-core-3.5.3.jar,ERICflsdb_CXP9033329:1.28.1
3,51,eric-enm-flsdb-schemamgt,liquibase-core,/ericsson/fls_postgres/db/fls/liquibase/lib/liquibase-core-3.5.3.jar,ERICflsdb_CXP9033329:1.28.1
4,52,eric-enm-flsdb-schemamgt,postgresql,/ericsson/fls_postgres/db/fls/sql/postgresql-42.1.4.jre7.jar,ERICflsdb_CXP9033329:1.28.1
5,52,eric-enm-flsdb-schemamgt,postgresql,/ericsson/fls_postgres/db/fls/liquibase/lib/postgresql-42.1.4.jre7.jar,ERICflsdb_CXP9033329:1.28.1
6,52,eric-enm-flsdb-schemamgt,postgresql,/ericsson/fls_postgres/db/fls/sql/postgresql-42.1.4.jre7.jar,ERICflsdb_CXP9033329:1.28.1
7,52,eric-enm-flsdb-schemamgt,postgresql,/ericsson/fls_postgres/db/fls/liquibase/lib/postgresql-42.1.4.jre7.jar,ERICflsdb_CXP9033329:1.28.1
8,53,eric-enm-flsdb-schemamgt,postgresql,/ericsson/fls_postgres/db/fls/sql/postgresql-42.1.4.jre7.jar,ERICflsdb_CXP9033329:1.28.1
9,53,eric-enm-flsdb-schemamgt,postgresql,/ericsson/fls_postgres/db/fls/liquibase/lib/postgresql-42.1.4.jre7.jar,ERICflsdb_CXP9033329:1.28.1
10,53,eric-enm-flsdb-schemamgt,postgresql,/ericsson/fls_postgres/db/fls/sql/postgresql-42.1.4.jre7.jar,ERICflsdb_CXP9033329:1.28.1
11,53,eric-enm-flsdb-schemamgt,postgresql,/ericsson/fls_postgres/db/fls/liquibase/lib/postgresql-42.1.4.jre7.jar,ERICflsdb_CXP9033329:1.28.1
12,86,eric-enm-monitoring-eap6,h2,/opt/MicroFocus/VisiBroker/lib/h2-1.3.168.redhat-5.jar,None
13,86,eric-enm-monitoring-eap6,h2,/ericsson/3pp/jboss/modules/system/layers/base/.overlays/layer-base-jboss-eap-6.4.23.CP/com/h2database/h2/main/h2-1.3.168.redhat-5.jar,EXTRjboss_CXP9031339:1.19.1
14,86,eric-enm-monitoring-eap6,h2,/ericsson/3pp/jboss/modules/system/layers/base/.overlays/layer-base-jboss-eap-6.4.23.CP/com/h2database/h2/main/h2-1.3.168.redhat-5.jar,EXTRjboss_CXP9031339:1.19.1
15,87,eric-enm-monitoring-eap6,h2,/ericsson/3pp/jboss/modules/system/layers/base/.overlays/layer-base-jboss-eap-6.4.23.CP/com/h2database/h2/main/h2-1.3.168.redhat-5.jar,EXTRjboss_CXP9031339:1.19.1
16,87,eric-enm-monitoring-eap6,h2,/ericsson/3pp/jboss/modules/system/layers/base/.overlays/layer-base-jboss-eap-6.4.23.CP/com/h2database/h2/main/h2-1.3.168.redhat-5.jar,EXTRjboss_CXP9031339:1.19.1
17,87,eric-enm-monitoring-eap6,h2,/ericsson/3pp/jboss/modules/system/layers/base/.overlays/layer-base-jboss-eap-6.4.23.CP/com/h2database/h2/main/h2-1.3.168.redhat-5.jar,EXTRjboss_CXP9031339:1.19.1
18,87,eric-enm-monitoring-eap6,h2,/ericsson/3pp/jboss/modules/system/layers/base/.overlays/layer-base-jboss-eap-6.4.23.CP/com/h2database/h2/main/h2-1.3.168.redhat-5.jar,EXTRjboss_CXP9031339:1.19.1
19,88,eric-enm-monitoring-eap6,h2,/ericsson/3pp/jboss/modules/system/layers/base/.overlays/layer-base-jboss-eap-6.4.23.CP/com/h2database/h2/main/h2-1.3.168.redhat-5.jar,EXTRjboss_CXP9031339:1.19.1
20,88,eric-enm-monitoring-eap6,h2,/ericsson/3pp/jboss/modules/system/layers/base/.overlays/layer-base-jboss-eap-6.4.23.CP/com/h2database/h2/main/h2-1.3.168.redhat-5.jar,EXTRjboss_CXP9031339:1.19.1
21,88,eric-enm-monitoring-eap6,h2,/ericsson/3pp/jboss/modules/system/layers/base/.overlays/layer-base-jboss-eap-6.4.23.CP/com/h2database/h2/main/h2-1.3.168.redhat-5.jar,EXTRjboss_CXP9031339:1.19.1
22,88,eric-enm-monitoring-eap6,h2,/ericsson/3pp/jboss/modules/system/layers/base/.overlays/layer-base-jboss-eap-6.4.23.CP/com/h2database/h2/main/h2-1.3.168.redhat-5.jar,EXTRjboss_CXP9031339:1.19.1
23,112,eric-enm-monitoring-eap6,jgroups,/ericsson/3pp/jboss/bin/client/jboss-client.jar,EXTRjboss_CXP9031339:1.19.1
24,112,eric-enm-monitoring-eap6,jgroups,/ericsson/3pp/jboss/bin/client/jboss-client.jar,EXTRjboss_CXP9031339:1.19.1
25,112,eric-enm-monitoring-eap6,jgroups,/ericsson/3pp/jboss/.installation/patches/jboss-eap-6.4.23.CP/misc/bin/client/jboss-client.jar,EXTRjboss_CXP9031339:1.19.1
26,112,eric-enm-monitoring-eap6,jgroups,/ericsson/3pp/jboss/modules/system/layers/base/.overlays/layer-base-jboss-eap-6.4.23.CP/org/jgroups/main/jgroups-3.2.18.Final-redhat-1.jar,EXTRjboss_CXP9031339:1.19.1
27,112,eric-enm-monitoring-eap6,jgroups,/ericsson/3pp/jboss/modules/system/layers/base/.overlays/layer-base-jboss-eap-6.4.23.CP/org/jgroups/main/jgroups-3.2.18.Final-redhat-1.jar,EXTRjboss_CXP9031339:1.19.1
28,116,eric-enm-monitoring-eap6,slf4j-ext,/ericsson/3pp/jboss/modules/system/layers/base/.overlays/layer-base-jboss-eap-6.4.23.CP/org/slf4j/ext/main/slf4j-ext-1.7.2.redhat-4.jar,EXTRjboss_CXP9031339:1.19.1
29,116,eric-enm-monitoring-eap6,slf4j-ext,/ericsson/3pp/jboss/modules/system/layers/base/.overlays/layer-base-jboss-eap-6.4.23.CP/org/slf4j/ext/main/slf4j-ext-1.7.2.redhat-4.jar,EXTRjboss_CXP9031339:1.19.1
30,116,eric-enm-monitoring-eap6,slf4j-ext,/ericsson/3pp/jboss/modules/system/layers/base/.overlays/layer-base-jboss-eap-6.4.23.CP/org/slf4j/ext/main/slf4j-ext-1.7.2.redhat-4.jar,EXTRjboss_CXP9031339:1.19.1
31,124,eric-enm-monitoring-eap6,xalan,/ericsson/3pp/jboss/modules/system/layers/base/.overlays/layer-base-jboss-eap-6.4.23.CP/org/apache/xalan/main/xalan-2.7.1.redhat-11.jar,EXTRjboss_CXP9031339:1.19.1
32,124,eric-enm-monitoring-eap6,xalan,/ericsson/3pp/jboss/modules/system/layers/base/.overlays/layer-base-jboss-eap-6.4.23.CP/org/apache/xalan/main/xalan-2.7.1.redhat-11.jar,EXTRjboss_CXP9031339:1.19.1
33,124,eric-enm-monitoring-eap6,xalan,/ericsson/3pp/jboss/modules/system/layers/base/.overlays/layer-base-jboss-eap-6.4.23.CP/org/apache/xalan/main/xalan-2.7.1.redhat-11.jar,EXTRjboss_CXP9031339:1.19.1
34,134,eric-enm-monitoring-eap7,h2,/ericsson/3pp/jboss/modules/system/layers/base/.overlays/layer-base-jboss-eap-7.3.10.CP/com/h2database/h2/main/h2-1.4.193.redhat-2.jar,EXTReap7_CXP9037438:1.10.3
35,134,eric-enm-monitoring-eap7,h2,/ericsson/3pp/jboss/modules/system/layers/base/.overlays/layer-base-jboss-eap-7.3.9.CP/com/h2database/h2/main/h2-1.4.193.redhat-2.jar,EXTReap7_CXP9037438:1.10.3
36,134,eric-enm-monitoring-eap7,h2,/ericsson/3pp/jboss/modules/system/layers/base/.overlays/layer-base-jboss-eap-7.3.10.CP/com/h2database/h2/main/h2-1.4.193.redhat-2.jar,EXTReap7_CXP9037438:1.10.3
37,134,eric-enm-monitoring-eap7,h2,/ericsson/3pp/jboss/modules/system/layers/base/com/h2database/h2/main/h2-1.4.193.redhat-2.jar,EXTReap7_CXP9037438:1.10.3
38,134,eric-enm-monitoring-eap7,h2,/ericsson/3pp/jboss/modules/system/layers/base/.overlays/layer-base-jboss-eap-7.3.10.CP/com/h2database/h2/main/h2-1.4.193.redhat-2.jar,EXTReap7_CXP9037438:1.10.3
39,135,eric-enm-monitoring-eap7,h2,/ericsson/3pp/jboss/modules/system/layers/base/.overlays/layer-base-jboss-eap-7.3.10.CP/com/h2database/h2/main/h2-1.4.193.redhat-2.jar,EXTReap7_CXP9037438:1.10.3
40,135,eric-enm-monitoring-eap7,h2,/ericsson/3pp/jboss/modules/system/layers/base/.overlays/layer-base-jboss-eap-7.3.9.CP/com/h2database/h2/main/h2-1.4.193.redhat-2.jar,EXTReap7_CXP9037438:1.10.3
41,135,eric-enm-monitoring-eap7,h2,/ericsson/3pp/jboss/modules/system/layers/base/.overlays/layer-base-jboss-eap-7.3.10.CP/com/h2database/h2/main/h2-1.4.193.redhat-2.jar,EXTReap7_CXP9037438:1.10.3
42,135,eric-enm-monitoring-eap7,h2,/ericsson/3pp/jboss/modules/system/layers/base/com/h2database/h2/main/h2-1.4.193.redhat-2.jar,EXTReap7_CXP9037438:1.10.3
43,135,eric-enm-monitoring-eap7,h2,/ericsson/3pp/jboss/modules/system/layers/base/.overlays/layer-base-jboss-eap-7.3.10.CP/com/h2database/h2/main/h2-1.4.193.redhat-2.jar,EXTReap7_CXP9037438:1.10.3
44,135,eric-enm-monitoring-eap7,h2,/ericsson/3pp/jboss/modules/system/layers/base/com/h2database/h2/main/h2-1.4.193.redhat-2.jar,EXTReap7_CXP9037438:1.10.3
45,135,eric-enm-monitoring-eap7,h2,/ericsson/3pp/jboss/modules/system/layers/base/.overlays/layer-base-jboss-eap-7.3.9.CP/com/h2database/h2/main/h2-1.4.193.redhat-2.jar,EXTReap7_CXP9037438:1.10.3
46,135,eric-enm-monitoring-eap7,h2,/ericsson/3pp/jboss/modules/system/layers/base/.overlays/layer-base-jboss-eap-7.3.10.CP/com/h2database/h2/main/h2-1.4.193.redhat-2.jar,EXTReap7_CXP9037438:1.10.3
47,136,eric-enm-monitoring-eap7,h2,/ericsson/3pp/jboss/modules/system/layers/base/.overlays/layer-base-jboss-eap-7.3.10.CP/com/h2database/h2/main/h2-1.4.193.redhat-2.jar,EXTReap7_CXP9037438:1.10.3
48,136,eric-enm-monitoring-eap7,h2,/ericsson/3pp/jboss/modules/system/layers/base/.overlays/layer-base-jboss-eap-7.3.10.CP/com/h2database/h2/main/h2-1.4.193.redhat-2.jar,EXTReap7_CXP9037438:1.10.3
